Day,Portfolio,Change
1,100.0,1.0
1,100.0,1.0
2,76.34763948497854,0.2832618025751073
