Day,Portfolio,Change
1,100.0,
2,101.75272084805654,1.0481572815533982
3,127.83010433109541,1.4637553320427573
4,109.21371600562557,0.7698944717592038
5,124.71,1.2183836135765577
6,146.2287249675174,1.4024519725093352
7,153.35125757731282,1.0935960784313725
8,208.40529249000554,1.7756096186361072
9,180.7984911400339,0.6893011093502377
10,268.93710887908935,1.9361230782720527
11,346.6310858176553,1.4944116141300374
12,313.8178083040306,0.7875600448002658
