Day,Portfolio,Change
1,100.0,
2,101.75272084805654,1.0481572815533982
3,127.83010433109541,1.4637553320427573
4,109.21371600562557,0.7698944717592038
5,124.71,1.2183836135765577
6,146.2287249675174,1.4024519725093352
7,153.35125757731282,1.0935960784313725
8,208.40529249000554,1.7756096186361072
