Day,Portfolio,Change
1,100.0,1.0
2,100.0,1.0
3,97.95683333333334,0.9111666666666666
