Day,Portfolio,Change
1,100.0,1.0
2,100.0,1.0
3,97.95683333333334,0.9111666666666666
4,132.315192625,2.846052631578947
5,115.1628462442874,0.7764957264957264
